ID,Lead Status,Status,Lead Stage,Territory,Series,Salutation,First Name,Middle Name,Last Name,Job Title,Gender,Source,Lead Priority,Lead Owner,Lead Category,Request Type,Email,Website,Mobile No,WhatsApp,Phone,Phone Ext.,Alternate Phone(s),Organization Name,No of Employees,CASE Officer Remark,CASE Officer Note,Market Segment,Industry Type,Fax,Pincode,City,State/Province,Country,Ship To Address,Bill To Address,Full Address,Qualification Status,Qualified By,Qualified on,Annual Revenue
LEAD-2025-00001,Initial Lead,Lead,I: Introduction by various options,Sales MG HQ - John Smith,CRM-LEAD-.YYYY.-,Mr,Rajesh,Kumar,Sharma,Managing Director,Male,Exhibition,Top Review,user1@example.com,AAA,Product Enquiry,rajesh.sharma@techcorp.com,www.techcorp.com,9876543210,9876543210,02212345678,101,9988776655,TechCorp Industries,201-500,High priority client,Follow up required,Upper Income,Information Technology/ITES,02212345679,400001,Mumbai,Maharashtra,India,123 Business Park Mumbai,123 Business Park Mumbai,123 Business Park Andheri East Mumbai Maharashtra 400001,Qualified,user1@example.com,15-01-2025,50000000
LEAD-2025-00002,New Development Lead,Open,TD: Telephonic Discussion,Marketing Central- Jane Doe,CRM-LEAD-.YYYY.-,Mrs,Priya,Singh,Patel,CEO,Female,Campaign,Top Review,user2@example.com,AA,Request for Information,priya.patel@pharmainc.com,www.pharmainc.com,9876543211,9876543211,02287654321,201,,PharmaInc Healthcare,51-200,Interested in bulk orders,Schedule demo next week,Middle Income,Pharmaceutical Manufacturing,,400053,Mumbai,Maharashtra,India,456 Medical Complex,456 Medical Complex,456 Medical Complex Bandra West Mumbai Maharashtra 400053,In Process,user2@example.com,18-01-2025,35000000
LEAD-2025-00003,Potential Lead,Replied,V: Visited,IT SP - Bob Johnson,CRM-LEAD-.YYYY.-,Mr,Amit,Vijay,Deshmukh,Plant Manager,Male,Reference,Top Review,user3@example.com,A,Product Enquiry,amit.deshmukh@steelworks.com,www.steelworks.com,9123456789,9123456789,02033445566,,9123456780,SteelWorks Manufacturing,1000+,Large manufacturing facility,Site visit completed,Upper Income,Iron & Steel,02033445567,411001,Pune,Maharashtra,India,789 Industrial Area,789 Industrial Area,789 Industrial Area Pimpri Pune Maharashtra 411001,Qualified,user3@example.com,20-01-2025,120000000
LEAD-2025-00004,Market Converted Lead,Opportunity,S: Sampling,Sales MG HQ - Alice Williams,CRM-LEAD-.YYYY.-,Dr,Sneha,Rani,Kulkarni,Research Head,Female,Exhibition,,user4@example.com,AAA,Suggestions,sneha.kulkarni@biotech.com,www.biotech.com,9988776655,9988776655,08022334455,305,9988776656,BioTech Research Labs,11-50,R&D focused company,Sample approval pending,Middle Income,Biotech / Biotechnology,08022334456,560001,Bangalore,Karnataka,India,101 Science Park,101 Science Park,101 Science Park Whitefield Bangalore Karnataka 560001,Qualified,user4@example.com,22-01-2025,25000000
LEAD-2025-00005,Existing Lead,Quotation,Q: Quotation Sent,Marketing North,CRM-LEAD-.YYYY.-,Mr,Vikram,Mohan,Reddy,Operations Manager,Male,Cold Calling,,user5@example.com,B,Product Enquiry,vikram.reddy@logistics.com,www.logistics.com,9876512345,9876512345,04044556677,150,,LogisticsPro Services,501-1000,Expanding operations,Quote sent on 25th Jan,Lower Income,Transport & Logistics,04044556678,500001,Hyderabad,Telangana,India,202 Transport Hub,202 Transport Hub,202 Transport Hub Secunderabad Hyderabad Telangana 500001,In Process,user5@example.com,25-01-2025,45000000
LEAD-2025-00006,Dead Lead,Lost Quotation,VR: Vendor Registration,Sales MG HQ - All,CRM-LEAD-.YYYY.-,Ms,Anita,Devi,Gupta,Purchase Head,Female,Customer's Vendor,,user6@example.com,C,Other,anita.gupta@textiles.com,www.textiles.com,9988112233,9988112233,07912223344,,9988112234,Textiles International,201-500,Budget constraints,Lost to competitor,Middle Income,Textile & Apparel Manufacturing,07912223345,380001,Ahmedabad,Gujarat,India,303 Textile Market,303 Textile Market,303 Textile Market Narol Ahmedabad Gujarat 380001,Unqualified,user6@example.com,,30000000
LEAD-2025-00007,Initial Lead,Interested,I: Introduction by various options,North Et,CRM-LEAD-.YYYY.-,Mr,Suresh,Babu,Nair,Director,Male,Reference(MD Sir),Top Review,user7@example.com,AA,Product Enquiry,suresh.nair@chemicals.com,,9876598765,9876598765,04844556677,220,9876598766,ChemicalCorp Industries,51-200,MD reference,Very interested prospect,Upper Income,Chemical Manufacturing,04844556678,600001,Chennai,Tamil Nadu,India,404 Chemical Zone,404 Chemical Zone,404 Chemical Zone Ambattur Chennai Tamil Nadu 600001,In Process,user7@example.com,28-01-2025,55000000
LEAD-2025-00008,New Development Lead,Converted,OR: Order Received,Marketing Central,CRM-LEAD-.YYYY.-,Mrs,Kavita,Kumari,Joshi,General Manager,Female,Existing Customer,,user8@example.com,AAA,Request for Information,kavita.joshi@electronics.com,www.electronics.com,9123123123,9123123123,03312312312,405,,Electronics Manufacturing Ltd,1000+,Repeat customer,Order confirmed,Upper Income,Electronics Manufacturing,03312312313,700001,Kolkata,West Bengal,India,505 Electronics City,505 Electronics City,505 Electronics City Salt Lake Kolkata West Bengal 700001,Qualified,user8@example.com,30-01-2025,95000000
LEAD-2025-00009,Potential Lead,Lead,TD: Telephonic Discussion,Sales MG HQ - Charlie Brown,CRM-LEAD-.YYYY.-,Mr,Ravi,Shankar,Mishra,VP Sales,Male,Advertisement,,user9@example.com,A,Product Enquiry,ravi.mishra@autoparts.com,www.autoparts.com,9988998899,9988998899,01122334455,101,9988998800,AutoParts Manufacturing,201-500,Automotive sector,Discussion scheduled,Middle Income,Automotive Parts Manufacturing,01122334456,110001,New Delhi,Delhi,India,606 Auto Hub,606 Auto Hub,606 Auto Hub Okhla New Delhi Delhi 110001,In Process,user9@example.com,01-02-2025,40000000
LEAD-2025-00010,Market Converted Lead,Open,V: Visited,All Territories,CRM-LEAD-.YYYY.-,Dr,Meera,Laxmi,Iyer,Chief Scientist,Female,Walk In,Top Review,user10@example.com,AA,Suggestions,meera.iyer@foodtech.com,www.foodtech.com,9876567890,9876567890,02612345678,302,,FoodTech Innovations,11-50,Innovation focused,Site inspection done,Middle Income,Food Processing,02612345679,411038,Pune,Maharashtra,India,707 Food Park,707 Food Park,707 Food Park Hinjewadi Pune Maharashtra 411038,Qualified,user10@example.com,03-02-2025,28000000
LEAD-2025-00011,Initial Lead,Replied,S: Sampling,Sales MG HQ - John Smith,CRM-LEAD-.YYYY.-,Mr,Anil,Kumar,Verma,Factory Head,Male,Mass Mailing,,user11@example.com,B,Product Enquiry,anil.verma@rubber.com,www.rubber.com,9123987654,9123987654,08033445566,,9123987655,Rubber Industries Ltd,501-1000,Large scale production,Sample testing phase,Lower Income,Rubber & Rubber Products,08033445567,560050,Bangalore,Karnataka,India,808 Industrial Estate,808 Industrial Estate,808 Industrial Estate Peenya Bangalore Karnataka 560050,In Process,user11@example.com,05-02-2025,42000000
LEAD-2025-00012,New Development Lead,Opportunity,Q: Quotation Sent,Marketing Central- Jane Doe,CRM-LEAD-.YYYY.-,Ms,Sunita,Devi,Rao,Procurement Manager,Female,Supplier Reference,,user12@example.com,C,Request for Information,sunita.rao@construction.com,,9988887777,9988887777,04044445555,150,9988887778,Construction Materials Co,201-500,Building materials,Quote under review,Middle Income,Construction / Infrastructure,04044445556,500032,Hyderabad,Telangana,India,909 Builder's Plaza,909 Builder's Plaza,909 Builder's Plaza Jubilee Hills Hyderabad Telangana 500032,In Process,user12@example.com,07-02-2025,38000000
LEAD-2025-00013,Existing Lead,Interested,Tr: Trial Done,IT SP - Bob Johnson,CRM-LEAD-.YYYY.-,Mr,Deepak,Raj,Malhotra,Technical Director,Male,Campaign,Top Review,user13@example.com,AAA,Product Enquiry,deepak.malhotra@machinery.com,www.machinery.com,9876512312,9876512312,02287651234,220,,Machinery Solutions Pvt Ltd,51-200,Trial successful,Ready for bulk order,Upper Income,Machinery & Equipment Manufacturing,02287651235,400059,Mumbai,Maharashtra,India,1010 Machine Park,1010 Machine Park,1010 Machine Park Goregaon Mumbai Maharashtra 400059,Qualified,user13@example.com,09-02-2025,48000000
LEAD-2025-00014,Potential Lead,Quotation,VR: Vendor Registration,Sales MG HQ - Alice Williams,CRM-LEAD-.YYYY.-,Mrs,Rekha,Kumari,Sharma,Business Head,Female,Exhibition,,user14@example.com,AA,Other,rekha.sharma@packaging.com,www.packaging.com,9123456123,9123456123,02033456789,305,9123456124,Packaging Industries,1000+,Packaging solutions,Vendor docs submitted,Middle Income,Packaging / Packaging Materials,02033456790,411001,Pune,Maharashtra,India,1111 Pack Zone,1111 Pack Zone,1111 Pack Zone Bhosari Pune Maharashtra 411001,In Process,user14@example.com,11-02-2025,68000000
LEAD-2025-00015,Initial Lead,Lead,I: Introduction by various options,Marketing North,CRM-LEAD-.YYYY.-,Mr,Manoj,Singh,Chauhan,Owner,Male,Reference,,user1@example.com,A,Product Enquiry,manoj.chauhan@furniture.com,,9988123456,9988123456,01144556677,,9988123457,Furniture Craft Enterprises,11-50,Custom furniture,Initial meeting done,Lower Income,Furniture Manufacturing,01144556678,110020,New Delhi,Delhi,India,1212 Furniture Mart,1212 Furniture Mart,1212 Furniture Mart Mayapuri New Delhi Delhi 110020,Unqualified,user1@example.com,,18000000
LEAD-2025-00016,Market Converted Lead,Open,TD: Telephonic Discussion,North Et,CRM-LEAD-.YYYY.-,Dr,Pooja,Rani,Bhatt,Lab Director,Female,Cold Calling,Top Review,user2@example.com,AAA,Request for Information,pooja.bhatt@pharma.com,www.pharma.com,9876598123,9876598123,07912345678,401,,Pharma Research Institute,51-200,Research institute,Telephonic discussion positive,Upper Income,Pharmaceuticals,07912345679,380015,Ahmedabad,Gujarat,India,1313 Pharma Complex,1313 Pharma Complex,1313 Pharma Complex Satellite Ahmedabad Gujarat 380015,Qualified,user2@example.com,13-02-2025,52000000
LEAD-2025-00017,New Development Lead,Replied,V: Visited,Sales MG HQ - All,CRM-LEAD-.YYYY.-,Mr,Sanjay,Kumar,Tripathi,Works Manager,Male,Existing Customer,,user3@example.com,B,Suggestions,sanjay.tripathi@cement.com,www.cement.com,9123654789,9123654789,04844556688,150,9123654790,Cement Corporation Ltd,1000+,Cement manufacturing,Factory visit completed,Middle Income,Cement,04844556689,600089,Chennai,Tamil Nadu,India,1414 Cement Works,1414 Cement Works,1414 Cement Works Sriperumbudur Chennai Tamil Nadu 600089,In Process,user3@example.com,15-02-2025,85000000
LEAD-2025-00018,Existing Lead,Opportunity,S: Sampling,Marketing Central,CRM-LEAD-.YYYY.-,Ms,Neha,Devi,Kulkarni,Marketing Head,Female,Advertisement,,user4@example.com,AA,Product Enquiry,neha.kulkarni@cosmetics.com,www.cosmetics.com,9988776123,9988776123,02212312345,220,,Cosmetics & Beauty Co,201-500,Beauty products,Samples dispatched,Lower Income,Cosmetics & Beauty Products,02212312346,400004,Mumbai,Maharashtra,India,1515 Beauty Plaza,1515 Beauty Plaza,1515 Beauty Plaza Matunga Mumbai Maharashtra 400004,In Process,user4@example.com,17-02-2025,32000000
LEAD-2025-00019,Initial Lead,Quotation,Q: Quotation Sent,Sales MG HQ - Charlie Brown,CRM-LEAD-.YYYY.-,Mr,Rahul,Mohan,Shetty,Senior Manager,Male,Customer's Vendor,Top Review,user5@example.com,C,Request for Information,rahul.shetty@printing.com,,9876501234,9876501234,08022345678,305,9876501235,Printing Solutions Pvt Ltd,51-200,Printing services,Quotation sent,Middle Income,Printing & Packaging,08022345679,560016,Bangalore,Karnataka,India,1616 Print Hub,1616 Print Hub,1616 Print Hub Rajajinagar Bangalore Karnataka 560016,In Process,user5@example.com,19-02-2025,26000000
LEAD-2025-00020,Potential Lead,Interested,Tr: Trial Done,All Territories,CRM-LEAD-.YYYY.-,Mrs,Geeta,Kumari,Reddy,Production Head,Female,Reference(MD Sir),,user6@example.com,AAA,Other,geeta.reddy@dairy.com,www.dairy.com,9123789456,9123789456,04044556688,401,9123789457,Dairy Products Ltd,201-500,Dairy processing,Trial phase successful,Upper Income,Dairy,04044556689,500081,Hyderabad,Telangana,India,1717 Dairy Farm,1717 Dairy Farm,1717 Dairy Farm Uppal Hyderabad Telangana 500081,Qualified,user6@example.com,21-02-2025,44000000
LEAD-2025-00021,Market Converted Lead,Converted,OR: Order Received,Marketing North,CRM-LEAD-.YYYY.-,Mr,Ashok,Singh,Yadav,CEO,Male,Walk In,Top Review,user7@example.com,AA,Product Enquiry,ashok.yadav@solar.com,www.solar.com,9988112456,9988112456,02612345679,150,,Solar Energy Systems Ltd,501-1000,Solar installations,Order confirmed,Upper Income,Solar Energy Systems,02612345680,411014,Pune,Maharashtra,India,1818 Solar Park,1818 Solar Park,1818 Solar Park Aundh Pune Maharashtra 411014,Qualified,user7@example.com,23-02-2025,72000000
LEAD-2025-00022,Initial Lead,Lead,I: Introduction by various options,Sales MG HQ - John Smith,CRM-LEAD-.YYYY.-,Dr,Vandana,Rani,Jain,Research Manager,Female,Mass Mailing,,user8@example.com,A,Suggestions,vandana.jain@biotech.com,,9876567123,9876567123,03312345678,220,9876567124,BioTech Solutions,11-50,Biotechnology research,Initial contact established,Middle Income,Biotech / Biotechnology,03312345679,700091,Kolkata,West Bengal,India,1919 Bio Campus,1919 Bio Campus,1919 Bio Campus New Town Kolkata West Bengal 700091,Unqualified,user8@example.com,,22000000
LEAD-2025-00023,New Development Lead,Open,TD: Telephonic Discussion,Marketing Central- Jane Doe,CRM-LEAD-.YYYY.-,Mr,Kiran,Kumar,Naik,Plant Director,Male,Supplier Reference,Top Review,user9@example.com,B,Request for Information,kiran.naik@fertilizer.com,www.fertilizer.com,9123321123,9123321123,01122334466,305,,Fertilizer Manufacturing Co,1000+,Fertilizer production,Discussion in progress,Lower Income,Fertilizer Manufacturing,01122334467,110041,New Delhi,Delhi,India,2020 Agro Park,2020 Agro Park,2020 Agro Park Narela New Delhi Delhi 110041,In Process,user9@example.com,25-02-2025,78000000
LEAD-2025-00024,Existing Lead,Replied,V: Visited,IT SP - Bob Johnson,CRM-LEAD-.YYYY.-,Ms,Pallavi,Devi,Desai,Operations Head,Female,Campaign,,user10@example.com,AAA,Product Enquiry,pallavi.desai@hvac.com,www.hvac.com,9988998123,9988998123,02287654323,401,9988998124,HVAC Solutions Pvt Ltd,51-200,HVAC systems,Site survey done,Upper Income,HVAC - Heating, Ventilation, Air Conditioning,02287654324,400064,Mumbai,Maharashtra,India,2121 Climate Control,2121 Climate Control,2121 Climate Control Malad Mumbai Maharashtra 400064,Qualified,user10@example.com,27-02-2025,36000000
LEAD-2025-00025,Potential Lead,Opportunity,S: Sampling,Sales MG HQ - Alice Williams,CRM-LEAD-.YYYY.-,Mr,Vijay,Mohan,Agarwal,Managing Partner,Male,Exhibition,Top Review,user11@example.com,AA,Other,vijay.agarwal@textiles.com,,9876509876,9876509876,02033445577,150,9876509877,Textiles Export House,201-500,Textile exports,Sample approval pending,Middle Income,Textiles (Wool, Cotton, Synthetic),02033445578,411004,Pune,Maharashtra,India,2222 Textile Hub,2222 Textile Hub,2222 Textile Hub Hadapsar Pune Maharashtra 411004,In Process,user11@example.com,01-03-2025,46000000
LEAD-2025-00026,Initial Lead,Quotation,Q: Quotation Sent,Marketing North,CRM-LEAD-.YYYY.-,Mrs,Swati,Kumari,Mehta,Purchase Director,Female,Cold Calling,,user12@example.com,C,Product Enquiry,swati.mehta@glass.com,www.glass.com,9123456098,9123456098,08033445577,220,,Glass Manufacturing Ltd,501-1000,Glass products,Quote under evaluation,Lower Income,Glass Manufacturing,08033445578,560058,Bangalore,Karnataka,India,2323 Glass Works,2323 Glass Works,2323 Glass Works Bommasandra Bangalore Karnataka 560058,In Process,user12@example.com,03-03-2025,54000000
LEAD-2025-00027,Market Converted Lead,Interested,VR: Vendor Registration,North Et,CRM-LEAD-.YYYY.-,Mr,Harish,Raj,Kapoor,General Manager,Male,Reference,,user13@example.com,AAA,Request for Information,harish.kapoor@mining.com,www.mining.com,9988887123,9988887123,04044445566,305,9988887124,Mining & Minerals Corp,1000+,Mining operations,Vendor registration complete,Upper Income,Mining & Minerals,04044445567,500044,Hyderabad,Telangana,India,2424 Mining Zone,2424 Mining Zone,2424 Mining Zone Shamshabad Hyderabad Telangana 500044,Qualified,user13@example.com,05-03-2025,92000000
LEAD-2025-00028,New Development Lead,Converted,OR: Order Received,Sales MG HQ - All,CRM-LEAD-.YYYY.-,Dr,Shilpa,Rani,Bose,Chief Technologist,Female,Existing Customer,Top Review,user14@example.com,B,Suggestions,shilpa.bose@polymers.com,,9876598789,9876598789,07912345689,401,9876598790,Polymer Industries Ltd,51-200,Polymer manufacturing,Order placed,Middle Income,Plastic & Rubber Products Manufacturing,07912345690,380008,Ahmedabad,Gujarat,India,2525 Polymer Park,2525 Polymer Park,2525 Polymer Park Vatva Ahmedabad Gujarat 380008,Qualified,user14@example.com,07-03-2025,41000000
LEAD-2025-00029,Existing Lead,Lead,I: Introduction by various options,Marketing Central,CRM-LEAD-.YYYY.-,Mr,Prakash,Singh,Rathore,Factory Manager,Male,Advertisement,,user1@example.com,A,Product Enquiry,prakash.rathore@sugar.com,www.sugar.com,9123654123,9123654123,04844556699,150,,Sugar Mills Ltd,201-500,Sugar production,Initial discussion held,Lower Income,Sugar Industry,04844556700,600028,Chennai,Tamil Nadu,India,2626 Sugar Factory,2626 Sugar Factory,2626 Sugar Factory Guindy Chennai Tamil Nadu 600028,Unqualified,user1@example.com,,34000000
LEAD-2025-00030,Initial Lead,Open,TD: Telephonic Discussion,Sales MG HQ - Charlie Brown,CRM-LEAD-.YYYY.-,Ms,Anjali,Devi,Nambiar,VP Operations,Female,Customer's Vendor,Top Review,user2@example.com,AA,Request for Information,anjali.nambiar@logistics.com,www.logistics.com,9988776098,9988776098,02212312356,220,,Logistics & Warehousing Co,1000+,Logistics solutions,Phone discussion scheduled,Upper Income,Warehousing & Storage,02212312357,400037,Mumbai,Maharashtra,India,2727 Warehouse Complex,2727 Warehouse Complex,2727 Warehouse Complex Kurla Mumbai Maharashtra 400037,In Process,user2@example.com,09-03-2025,64000000
LEAD-2025-00031,Potential Lead,Replied,V: Visited,All Territories,CRM-LEAD-.YYYY.-,Mr,Sunil,Kumar,Patel,Business Owner,Male,Reference(MD Sir),,user3@example.com,AAA,Other,sunil.patel@ceramics.com,,9876501098,9876501098,02612345680,305,9876501099,Ceramics Manufacturing,51-200,Ceramic products,Factory inspection done,Middle Income,Ceramics,02612345681,411018,Pune,Maharashtra,India,2828 Ceramic Works,2828 Ceramic Works,2828 Ceramic Works Chakan Pune Maharashtra 411018,Qualified,user3@example.com,11-03-2025,29000000
LEAD-2025-00032,Market Converted Lead,Opportunity,S: Sampling,Marketing North,CRM-LEAD-.YYYY.-,Mrs,Latha,Kumari,Iyer,Technical Manager,Female,Walk In,,user4@example.com,B,Product Enquiry,latha.iyer@paints.com,www.paints.com,9123789098,9123789098,08022345689,401,,Paints & Coatings Ltd,201-500,Paint manufacturing,Sample testing underway,Lower Income,Chemical Manufacturing,08022345690,560045,Bangalore,Karnataka,India,2929 Paint Factory,2929 Paint Factory,2929 Paint Factory Yelahanka Bangalore Karnataka 560045,In Process,user4@example.com,13-03-2025,37000000
LEAD-2025-00033,Initial Lead,Quotation,Q: Quotation Sent,Sales MG HQ - John Smith,CRM-LEAD-.YYYY.-,Mr,Ramesh,Mohan,Pillai,Director Sales,Male,Mass Mailing,Top Review,user5@example.com,C,Suggestions,ramesh.pillai@seafood.com,,9988112098,9988112098,04044556699,150,9988112099,Seafood Processing Co,501-1000,Seafood export,Quotation provided,Upper Income,Seafood / Marine Products,04044556700,500013,Hyderabad,Telangana,India,3030 Marine Plaza,3030 Marine Plaza,3030 Marine Plaza Nampally Hyderabad Telangana 500013,In Process,user5@example.com,15-03-2025,58000000
LEAD-2025-00034,New Development Lead,Interested,Tr: Trial Done,IT SP - Bob Johnson,CRM-LEAD-.YYYY.-,Dr,Divya,Rani,Saxena,R&D Head,Female,Supplier Reference,,user6@example.com,AAA,Request for Information,divya.saxena@agrochemicals.com,www.agrochemicals.com,9876567098,9876567098,03312345689,220,,Agrochemicals Corporation,51-200,Agrochemical products,Trial completed successfully,Middle Income,Agrochemicals / Pesticides,03312345690,700156,Kolkata,West Bengal,India,3131 Agro Complex,3131 Agro Complex,3131 Agro Complex Rajarhat Kolkata West Bengal 700156,Qualified,user6@example.com,17-03-2025,33000000
LEAD-2025-00035,Existing Lead,Converted,OR: Order Received,Marketing Central- Jane Doe,CRM-LEAD-.YYYY.-,Mr,Naveen,Singh,Kumar,Plant Head,Male,Campaign,Top Review,user7@example.com,AA,Product Enquiry,naveen.kumar@paper.com,www.paper.com,9123321098,9123321098,01122334477,305,,Paper Products Ltd,1000+,Paper manufacturing,Purchase order received,Upper Income,Paper Products (Stationery, etc),01122334478,110096,New Delhi,Delhi,India,3232 Paper Mill,3232 Paper Mill,3232 Paper Mill Bawana New Delhi Delhi 110096,Qualified,user7@example.com,19-03-2025,76000000
LEAD-2025-00036,Potential Lead,Lead,I: Introduction by various options,Sales MG HQ - Alice Williams,CRM-LEAD-.YYYY.-,Ms,Ritu,Devi,Banerjee,Procurement Head,Female,Exhibition,,user8@example.com,A,Other,ritu.banerjee@leather.com,,9988998098,9988998098,02287654334,401,9988998099,Leather Products Pvt Ltd,201-500,Leather goods,Initial inquiry received,Lower Income,Leather & Footwear,02287654335,400068,Mumbai,Maharashtra,India,3333 Leather Market,3333 Leather Market,3333 Leather Market Dharavi Mumbai Maharashtra 400068,Unqualified,user8@example.com,,27000000
LEAD-2025-00037,Initial Lead,Open,TD: Telephonic Discussion,Marketing North,CRM-LEAD-.YYYY.-,Mr,Arun,Kumar,Shah,Managing Director,Male,Cold Calling,Top Review,user9@example.com,B,Product Enquiry,arun.shah@jewellery.com,www.jewellery.com,9876509123,9876509123,02033445588,150,,Jewellery Manufacturing Co,11-50,Jewellery making,Discussion scheduled,Middle Income,Gems & Jewellery,02033445589,411011,Pune,Maharashtra,India,3434 Jewel Plaza,3434 Jewel Plaza,3434 Jewel Plaza Kothrud Pune Maharashtra 411011,In Process,user9@example.com,21-03-2025,24000000
LEAD-2025-00038,Market Converted Lead,Replied,V: Visited,North Et,CRM-LEAD-.YYYY.-,Mrs,Nisha,Kumari,Chopra,Operations Director,Female,Reference,,user10@example.com,AAA,Request for Information,nisha.chopra@beverages.com,www.beverages.com,9123456109,9123456109,08033445588,220,,Beverage Manufacturing Ltd,501-1000,Beverage production,Site visit arranged,Upper Income,Juice / Soft Drinks / Beverage Industry,08033445589,560100,Bangalore,Karnataka,India,3535 Beverage Park,3535 Beverage Park,3535 Beverage Park Kengeri Bangalore Karnataka 560100,Qualified,user10@example.com,23-03-2025,62000000
LEAD-2025-00039,New Development Lead,Opportunity,S: Sampling,Sales MG HQ - All,CRM-LEAD-.YYYY.-,Mr,Mohan,Raj,Srivastava,Technical Director,Male,Customer's Vendor,,user11@example.com,AA,Suggestions,mohan.srivastava@robotics.com,,9988887098,9988887098,04044445577,305,9988887099,Robotics Manufacturing Co,51-200,Robotics solutions,Sample evaluation ongoing,Middle Income,Robotics Manufacturing,04044445578,500070,Hyderabad,Telangana,India,3636 Tech Park,3636 Tech Park,3636 Tech Park Madhapur Hyderabad Telangana 500070,In Process,user11@example.com,25-03-2025,39000000
LEAD-2025-00040,Existing Lead,Quotation,Q: Quotation Sent,Marketing Central,CRM-LEAD-.YYYY.-,Dr,Kaveri,Rani,Menon,Lab Manager,Female,Reference(MD Sir),Top Review,user12@example.com,C,Product Enquiry,kaveri.menon@medicaldevices.com,www.medicaldevices.com,9876598098,9876598098,07912345690,401,,Medical Devices Co,201-500,Medical equipment,Quote submitted,Lower Income,Medical Devices & Instruments,07912345691,380013,Ahmedabad,Gujarat,India,3737 Medical Complex,3737 Medical Complex,3737 Medical Complex CG Road Ahmedabad Gujarat 380013,In Process,user12@example.com,27-03-2025,43000000
LEAD-2025-00041,Initial Lead,Interested,VR: Vendor Registration,Sales MG HQ - Charlie Brown,CRM-LEAD-.YYYY.-,Mr,Santosh,Singh,Tiwari,Works Manager,Male,Walk In,,user13@example.com,AAA,Request for Information,santosh.tiwari@foundry.com,,9123654098,9123654098,04844556710,150,9123654099,Foundry Works Ltd,1000+,Metal casting,Vendor process initiated,Upper Income,Metal Fabrication & Foundry,04844556711,600058,Chennai,Tamil Nadu,India,3838 Foundry Zone,3838 Foundry Zone,3838 Foundry Zone Pallavaram Chennai Tamil Nadu 600058,Qualified,user13@example.com,29-03-2025,81000000
LEAD-2025-00042,Potential Lead,Converted,OR: Order Received,All Territories,CRM-LEAD-.YYYY.-,Ms,Priyanka,Devi,Joshi,Business Manager,Female,Advertisement,Top Review,user14@example.com,B,Other,priyanka.joshi@renewable.com,www.renewable.com,9988776109,9988776109,02212312367,220,,Renewable Energy Systems,51-200,Renewable energy,Order finalized,Middle Income,Renewable Energy (Solar, Wind, Hydro),02212312368,400042,Mumbai,Maharashtra,India,3939 Energy Park,3939 Energy Park,3939 Energy Park Borivali Mumbai Maharashtra 400042,Qualified,user14@example.com,31-03-2025,49000000
LEAD-2025-00043,Market Converted Lead,Lead,I: Introduction by various options,Marketing North,CRM-LEAD-.YYYY.-,Mr,Vinod,Kumar,Pandey,Factory Owner,Male,Mass Mailing,,user1@example.com,A,Product Enquiry,vinod.pandey@spices.com,www.spices.com,9876501109,9876501109,02612345691,305,,Spice Processing Mills,201-500,Spice manufacturing,Introduction call done,Lower Income,Spice Processing / Masala Industry,02612345692,411043,Pune,Maharashtra,India,4040 Spice Market,4040 Spice Market,4040 Spice Market Katraj Pune Maharashtra 411043,Unqualified,user1@example.com,,31000000
LEAD-2025-00044,Initial Lead,Open,TD: Telephonic Discussion,IT SP - Bob Johnson,CRM-LEAD-.YYYY.-,Mrs,Seema,Kumari,Agarwal,Purchase Manager,Female,Supplier Reference,Top Review,user2@example.com,AA,Suggestions,seema.agarwal@handicrafts.com,,9123789109,9123789109,08022345700,401,9123789110,Handicrafts Export Co,11-50,Handicraft products,Discussion in pipeline,Upper Income,Handicrafts/Art & Crafts,08022345701,560003,Bangalore,Karnataka,India,4141 Craft Center,4141 Craft Center,4141 Craft Center MG Road Bangalore Karnataka 560003,In Process,user2@example.com,02-04-2025,19000000
LEAD-2025-00045,New Development Lead,Replied,V: Visited,Marketing Central- Jane Doe,CRM-LEAD-.YYYY.-,Mr,Tarun,Mohan,Bhat,Operations Head,Male,Campaign,,user3@example.com,AAA,Request for Information,tarun.bhat@recycling.com,www.recycling.com,9988112109,9988112109,04044556710,150,,Recycling Solutions Ltd,501-1000,Waste recycling,Facility tour completed,Middle Income,Recycling & Waste Management,04044556711,500048,Hyderabad,Telangana,India,4242 Recycle Zone,4242 Recycle Zone,4242 Recycle Zone LB Nagar Hyderabad Telangana 500048,Qualified,user3@example.com,04-04-2025,47000000
LEAD-2025-00046,Existing Lead,Opportunity,S: Sampling,Sales MG HQ - John Smith,CRM-LEAD-.YYYY.-,Dr,Uma,Rani,Krishna,R&D Manager,Female,Exhibition,Top Review,user4@example.com,B,Product Enquiry,uma.krishna@herbal.com,,9876567109,9876567109,03312345700,220,9876567110,Herbal Products Pvt Ltd,51-200,Herbal medicine,Sample dispatch done,Lower Income,Herbal / Ayurvedic Products,03312345701,700053,Kolkata,West Bengal,India,4343 Herbal Complex,4343 Herbal Complex,4343 Herbal Complex Park Street Kolkata West Bengal 700053,In Process,user4@example.com,06-04-2025,28000000
LEAD-2025-00047,Potential Lead,Quotation,Q: Quotation Sent,Sales MG HQ - Alice Williams,CRM-LEAD-.YYYY.-,Mr,Yogesh,Singh,Rawat,Director,Male,Cold Calling,,user5@example.com,C,Other,yogesh.rawat@pottery.com,www.pottery.com,9123321109,9123321109,01122334488,305,,Pottery & Ceramics,201-500,Pottery products,Quotation forwarded,Upper Income,Ceramic Tiles,01122334489,110085,New Delhi,Delhi,India,4444 Pottery Lane,4444 Pottery Lane,4444 Pottery Lane Rohini New Delhi Delhi 110085,In Process,user5@example.com,08-04-2025,35000000
LEAD-2025-00048,Initial Lead,Interested,Tr: Trial Done,Marketing North,CRM-LEAD-.YYYY.-,Ms,Zoya,Devi,Malik,Quality Head,Female,Reference,Top Review,user6@example.com,AAA,Request for Information,zoya.malik@oils.com,www.oils.com,9988998109,9988998109,02287654345,401,,Essential Oils Co,11-50,Essential oils,Trial phase complete,Middle Income,Aromatics / Essential Oils,02287654346,400080,Mumbai,Maharashtra,India,4545 Aroma Park,4545 Aroma Park,4545 Aroma Park Ghatkopar Mumbai Maharashtra 400080,Qualified,user6@example.com,10-04-2025,21000000
LEAD-2025-00049,Market Converted Lead,Converted,OR: Order Received,North Et,CRM-LEAD-.YYYY.-,Mr,Alok,Kumar,Bhardwaj,CEO,Male,Customer's Vendor,,user7@example.com,AA,Product Enquiry,alok.bhardwaj@aviation.com,www.aviation.com,9876509109,9876509109,02033445599,150,,Aviation Components Ltd,1000+,Aviation parts,Contract signed,Upper Income,Aviation,02033445600,411057,Pune,Maharashtra,India,4646 Aero Complex,4646 Aero Complex,4646 Aero Complex Pune Airport Pune Maharashtra 411057,Qualified,user7@example.com,12-04-2025,98000000
LEAD-2025-00050,New Development Lead,Lead,I: Introduction by various options,Sales MG HQ - All,CRM-LEAD-.YYYY.-,Mrs,Bindu,Kumari,Nair,Plant Manager,Female,Reference(MD Sir),Top Review,user8@example.com,A,Suggestions,bindu.nair@timber.com,,9123456119,9123456119,08033445599,220,9123456120,Timber Products Manufacturing,501-1000,Timber processing,Initial contact made,Lower Income,Wood & Timber Products,08033445600,560099,Bangalore,Karnataka,India,4747 Timber Yard,4747 Timber Yard,4747 Timber Yard Nelamangala Bangalore Karnataka 560099,Unqualified,user8@example.com,,53000000
